"","X.3","X.2","stem.tag","X.1","X","sp.x.x.x","type.x","gx","npp.x","X0","X1","X2","X7","X10","shannon.fun","shannon.fun_tuk","npp_tuk.x","sp.x.x.y","type.y","npp.y","alienus","americana","fulva","herculeanus","impar","longispinosis","nearcticus","neogagates","novaeboracensis","noveboracensis","pennsylvanicus","picea","punctiventris","shannon","shannon.sp_tuk","npp_tuk.y","hill.sp","hill.fun","abundance.sp","sp.log","fun.log","npp.log"
"1",1,1,10274,1,1,"tsugca","coniferous",15.3087,-7.91579714165143e-05,0,0,0,1,0,1,1,-7.91579714165143e-05,"tsugca","coniferous",-7.91579714165143e-05,0,0,0,0,0,0,0,0,0,0,0,1,0,1,1,-7.91579714165143e-05,1,1,1,0,0,NA
"2",2,2,10441,2,2,"tsugca","coniferous",16.0023,0.000337059089359588,0,0,2,2,0,2,1.14869835499704,0.000337059089359588,NA,NA,NA,NA,NA,NA,NA,NA,NA,NA,NA,NA,NA,NA,NA,NA,NA,NA,NA,2,2,2,0.301029995663981,0.301029995663981,NA
"3",3,3,10443,3,3,"tsugca","coniferous",17.9757,3.78354215258077e-05,0,0,0,9,0,1,1,3.78354215258077e-05,"tsugca","coniferous",3.78354215258077e-05,0,0,6,0,0,0,0,0,0,0,0,3,0,1.88988157484231,1.22981912373371,3.78354215258077e-05,2,1,3,0.477121254719662,0,-4.42210142317884
"4",4,4,10470,4,4,"tsugca","coniferous",3.38232,0.000471240291594239,0,0,0,1,0,1,1,0.000471240291594239,"tsugca","coniferous",0.000471240291594239,0,0,1,0,0,0,0,0,0,0,0,0,0,1,1,0.000471240291594239,1,1,1,0,0,-3.32675758394898
"5",5,5,10476,5,5,"pinust","coniferous",9.10631,0.00732314235321282,0,0,6,30,0,1.5691925832142,1.09429710265965,0.00732314235321282,"pinust","coniferous",0.00732314235321282,0,0,0,0,0,0,0,0,0,0,6,30,0,1.5691925832142,1.15769665963744,0.00732314235321282,2,2,6,0.778151250383644,0.301029995663981,-2.1353025236108
"6",6,6,10559,6,6,"pinust","coniferous",10.8421,0.00259246361565682,0,0,0,9,0,1,1,0.00259246361565682,"pinust","coniferous",0.00259246361565682,0,0,6,0,0,0,0,0,0,0,0,3,0,1.88988157484231,1.22981912373371,0.00259246361565682,2,1,3,0.477121254719662,0,-2.58628733007117
"7",7,7,10560,7,7,"tsugca","coniferous",12.4725,0.000251860910019732,0,0,0,1,0,1,1,0.000251860910019732,"tsugca","coniferous",0.000251860910019732,0,0,1,0,0,0,0,0,0,0,0,0,0,1,1,0.000251860910019732,1,1,1,0,0,-3.59883923178764
"8",8,8,10587,8,8,"tsugca","coniferous",6.12694,6.43597397546698e-05,0,0,0,1,0,1,1,6.43597397546698e-05,"tsugca","coniferous",6.43597397546698e-05,0,0,1,0,0,0,0,0,0,0,0,0,0,1,1,6.43597397546698e-05,1,1,1,0,0,-4.19138572068456
"9",9,9,10601,9,9,"tsugca","coniferous",1.79692,0.000396156428827813,2,0,0,2,0,2,1.14869835499704,0.000396156428827813,"tsugca","coniferous",0.000396156428827813,0,0,0,0,0,2,0,0,0,0,0,2,0,2,1.25266443862413,0.000396156428827813,2,2,2,0.301029995663981,0.301029995663981,-3.40213329194795
"10",10,10,10677,10,10,"pinust","coniferous",19.8446,0.00355954328320129,0,0,0,1,0,1,1,0.00355954328320129,"pinust","coniferous",0.00355954328320129,0,0,0,0,0,0,0,0,0,0,0,1,0,1,1,0.00355954328320129,1,1,1,0,0,-2.44860572177707
"11",11,11,10686,11,11,"pinust","coniferous",6.17303,0.00439795351258671,0,0,0,1,0,1,1,0.00439795351258671,"pinust","coniferous",0.00439795351258671,0,0,0,0,0,0,0,0,0,0,0,1,0,1,1,0.00439795351258671,1,1,1,0,0,-2.3567493655468
"12",12,12,20121,12,12,"tsugca","coniferous",33.7582,0.00158079364224646,0,0,0,4,0,1,1,0.00158079364224646,"tsugca","coniferous",0.00158079364224646,0,0,0,0,0,0,0,0,0,0,0,4,0,1,1,0.00158079364224646,1,1,2,0.301029995663981,0,-2.80112481943081
"13",13,13,20208,13,13,"tsugca","coniferous",21.4022,0.000596659835293577,0,0,0,4,0,1,1,0.000596659835293577,"tsugca","coniferous",0.000596659835293577,0,0,0,0,0,0,0,0,0,0,0,4,0,1,1,0.000596659835293577,1,1,2,0.301029995663981,0,-3.22427319610506
"14",14,14,20256,14,14,"tsugca","coniferous",36.5974,0.000832161802583949,0,0,0,9,0,1,1,0.000832161802583949,"tsugca","coniferous",0.000832161802583949,0,0,6,0,0,0,0,0,0,0,0,3,0,1.88988157484231,1.22981912373371,0.000832161802583949,2,1,3,0.477121254719662,0,-3.07979222282298
"15",15,15,20289,15,15,"tsugca","coniferous",30.4337,9.08115495806138e-05,0,0,0,1,0,1,1,9.08115495806138e-05,"tsugca","coniferous",9.08115495806138e-05,0,0,0,0,0,0,0,0,0,0,0,1,0,1,1,9.08115495806138e-05,1,1,1,0,0,-4.04185891359182
"16",16,16,20479,16,16,"tsugca","coniferous",26.7941,0.000954947161454981,0,0,0,1,0,1,1,0.000954947161454981,"tsugca","coniferous",0.000954947161454981,0,0,0,0,0,0,0,0,0,0,0,1,0,1,1,0.000954947161454981,1,1,1,0,0,-3.02002065786482
"17",17,17,20574,17,17,"pinust","coniferous",25.9155,0.00477170165609824,0,0,1,0,0,1,1,0.00477170165609824,"pinust","coniferous",0.00477170165609824,0,0,0,0,0,0,0,0,0,0,1,0,0,1,1,0.00477170165609824,1,1,1,0,0,-2.32132671780151
"18",18,18,20782,18,18,"tsugca","coniferous",27.6121,0.000242530419063445,0,0,0,1,0,1,1,0.000242530419063445,"tsugca","coniferous",0.000242530419063445,0,0,0,0,0,0,0,0,0,0,0,1,0,1,1,0.000242530419063445,1,1,1,0,0,-3.615233782823
"19",19,19,20841,19,19,"pinust","coniferous",30.3418,0.00170696075448635,0,0,0,1,0,1,1,0.00170696075448635,"pinust","coniferous",0.00170696075448635,0,0,0,0,0,0,0,0,0,0,0,1,0,1,1,0.00170696075448635,1,1,1,0,0,-2.7677764638331
"20",20,20,20994,20,20,"pinust","coniferous",23.1688,0.000359861846364599,2,0,2,0,0,2,1.14869835499704,0.000359861846364599,"pinust","coniferous",0.000359861846364599,0,0,0,0,0,0,2,0,0,2,0,0,0,2,1.25266443862413,0.000359861846364599,2,2,2,0.301029995663981,0.301029995663981,-3.44386419611365
"21",21,21,30017,21,21,"tsugca","coniferous",44.8158,0.00277588942904586,0,0,0,1,0,1,1,0.00277588942904586,"tsugca","coniferous",0.00277588942904586,0,0,1,0,0,0,0,0,0,0,0,0,0,1,1,0.00277588942904586,1,1,1,0,0,-2.55659783696056
"22",22,22,30094,22,22,"tsugca","coniferous",41.0281,2.30280279123646e-05,0,0,0,4,0,1,1,2.30280279123646e-05,"tsugca","coniferous",2.30280279123646e-05,0,0,4,0,0,0,0,0,0,0,0,0,0,1,1,2.30280279123646e-05,1,1,2,0.301029995663981,0,-4.63774325280651
"23",23,23,30145,23,23,"tsugca","coniferous",54.4671,0.000114908447612667,0,0,0,1,0,1,1,0.000114908447612667,"tsugca","coniferous",0.000114908447612667,0,0,0,0,0,0,0,0,0,0,0,1,0,1,1,0.000114908447612667,1,1,1,0,0,-3.93964804253271
"24",24,24,30376,24,24,"acerru","deciduous",54.97125,0.00140034573129254,0,0,0,1,0,1,1,0.00140034573129254,"acerru","deciduous",0.00140034573129254,0,0,1,0,0,0,0,0,0,0,0,0,0,1,1,0.00140034573129254,1,1,1,0,0,-2.85376472813899
"25",25,25,30419,25,25,"querru","deciduous",40.9421,0.0572904703846818,2,0,0,2,0,2,1.14869835499704,0.0572904703846818,"querru","deciduous",0.0572904703846818,0,0,0,0,0,2,0,0,0,0,0,2,0,2,1.25266443862413,0.0572904703846818,2,2,2,0.301029995663981,0.301029995663981,-1.24191761195124
"26",26,26,30698,26,26,"tsugca","coniferous",52.3134,0.00112605860795137,0,0,0,4,0,1,1,0.00112605860795137,"tsugca","coniferous",0.00112605860795137,0,0,0,0,0,0,0,0,0,0,0,4,0,1,1,0.00112605860795137,1,1,2,0.301029995663981,0,-2.94843900517962
"27",27,27,30822,27,27,"tsugca","coniferous",50.9988,0.000861400977976441,0,0,0,1,0,1,1,0.000861400977976441,"tsugca","coniferous",0.000861400977976441,0,0,0,0,0,0,0,0,0,0,0,1,0,1,1,0.000861400977976441,1,1,1,0,0,-3.06479463950454
"28",28,28,30944,28,28,"tsugca","coniferous",43.2299,0.000291145975743112,0,0,0,0,1,1,1,0.000291145975743112,"tsugca","coniferous",0.000291145975743112,0,1,0,0,0,0,0,0,0,0,0,0,0,1,1,0.000291145975743112,1,1,1,0,0,-3.53588920838831
"29",29,29,30990,29,29,"tsugca","coniferous",57.7545,0.000587769306293949,4,0,0,0,0,1,1,0.000587769306293949,"tsugca","coniferous",0.000587769306293949,0,0,0,0,0,4,0,0,0,0,0,0,0,1,1,0.000587769306293949,1,1,2,0.301029995663981,0,-3.2307930968194
"30",30,30,30995,30,30,"tsugca","coniferous",53.1379,0.000190834518215872,0,0,0,1,0,1,1,0.000190834518215872,"tsugca","coniferous",0.000190834518215872,0,0,0,0,0,0,0,0,0,0,0,1,0,1,1,0.000190834518215872,1,1,1,0,0,-3.71934306718537
"31",31,31,31016,31,31,"tsugca","coniferous",40.2202,0.000412635332545925,0,0,0,4,0,1,1,0.000412635332545925,"tsugca","coniferous",0.000412635332545925,0,0,2,0,0,0,0,0,0,0,0,2,0,2,1.25266443862413,0.000412635332545925,2,1,2,0.301029995663981,0,-3.3844335876262
"32",32,32,31025,32,32,"pinust","coniferous",42.4889,0.00525435518542774,0,0,0,1,0,1,1,0.00525435518542774,"pinust","coniferous",0.00525435518542774,0,0,0,0,0,0,0,0,0,0,0,1,0,1,1,0.00525435518542774,1,1,1,0,0,-2.27948057299313
"33",33,33,31032,33,33,"pinust","coniferous",53.4193,0.00470790644094707,0,0,0,1,0,1,1,0.00470790644094707,"pinust","coniferous",0.00470790644094707,0,0,1,0,0,0,0,0,0,0,0,0,0,1,1,0.00470790644094707,1,1,1,0,0,-2.32717217636899
"34",34,34,31134,34,34,"pinust","coniferous",50.799,0.00630411084002689,0,0,0,1,0,1,1,0.00630411084002689,"pinust","coniferous",0.00630411084002689,0,0,0,0,0,0,0,0,0,0,0,1,0,1,1,0.00630411084002689,1,1,1,0,0,-2.20037615960656
"35",35,35,40005,35,35,"pinust","coniferous",62.8273,0.00654697366426264,0,0,0,9,0,1,1,0.00654697366426264,"pinust","coniferous",0.00654697366426264,0,0,3,0,0,0,0,0,0,0,0,6,0,1.88988157484231,1.22981912373371,0.00654697366426264,2,1,3,0.477121254719662,0,-2.18395940605959
"36",36,36,40166,36,36,"pinust","coniferous",71.9171,4.41877435039624e-05,0,0,0,1,0,1,1,4.41877435039624e-05,"pinust","coniferous",4.41877435039624e-05,0,0,1,0,0,0,0,0,0,0,0,0,0,1,1,4.41877435039624e-05,1,1,1,0,0,-4.35469817559994
"37",37,37,40170,37,37,"pinust","coniferous",77.0329,0.000230508586453231,4,0,0,12,0,1.75476535060332,1.11903536050434,0.000230508586453231,"pinust","coniferous",0.000230508586453231,0,0,8,0,0,4,0,0,0,0,0,4,0,2.82842712474619,1.40201326566139,0.000230508586453231,3,2,4,0.602059991327962,0.301029995663981,-3.63731289248777
"38",38,38,40176,38,38,"acerru","deciduous",76.312,0.0552470504111112,0,0,0,1,0,1,1,0.0552470504111112,"acerru","deciduous",0.0552470504111112,0,0,0,0,0,0,0,0,0,0,0,1,0,1,1,0.0552470504111112,1,1,1,0,0,-1.25769090360436
"39",39,39,40178,39,39,"pinust","coniferous",70.6095,0.000836732032776863,2,0,0,2,0,2,1.14869835499704,0.000836732032776863,"pinust","coniferous",0.000836732032776863,0,0,0,0,0,2,0,0,0,0,0,2,0,2,1.25266443862413,0.000836732032776863,2,2,2,0.301029995663981,0.301029995663981,-3.07741360451502
"40",40,40,40651,40,40,"tsugca","coniferous",62.6774,0.000925848521047174,0,0,0,4,0,1,1,0.000925848521047174,"tsugca","coniferous",0.000925848521047174,0,0,0,0,0,0,0,0,0,0,0,4,0,1,1,0.000925848521047174,1,1,2,0.301029995663981,0,-3.03346006283722
"41",41,41,40694,41,41,"tsugca","coniferous",62.1597,2.28963743021542e-05,0,0,0,1,0,1,1,2.28963743021542e-05,"tsugca","coniferous",2.28963743021542e-05,0,0,0,0,0,0,0,0,0,0,0,1,0,1,1,2.28963743021542e-05,1,1,1,0,0,-4.64023328382751
"42",42,42,40710,42,42,"tsugca","coniferous",68.9908,0.00160724596614766,0,0,0,1,0,1,1,0.00160724596614766,"tsugca","coniferous",0.00160724596614766,0,0,0,0,0,0,0,0,0,0,0,1,0,1,1,0.00160724596614766,1,1,1,0,0,-2.79391765555372
"43",43,43,40746,43,43,"tsugca","coniferous",77.6815,0.000192934814256726,0,0,0,1,0,1,1,0.000192934814256726,"tsugca","coniferous",0.000192934814256726,0,0,1,0,0,0,0,0,0,0,0,0,0,1,1,0.000192934814256726,1,1,1,0,0,-3.71458939871501
"44",44,44,40854,44,44,"pinust","coniferous",69.5452,0.00375118143287208,0,0,0,1,0,1,1,0.00375118143287208,"pinust","coniferous",0.00375118143287208,0,0,0,0,0,0,0,0,0,0,0,1,0,1,1,0.00375118143287208,1,1,1,0,0,-2.42583192988031
"45",45,45,40880,45,45,"tsugca","coniferous",74.1338,0.0012191117084215,0,0,0,1,0,1,1,0.0012191117084215,"tsugca","coniferous",0.0012191117084215,0,0,1,0,0,0,0,0,0,0,0,0,0,1,1,0.0012191117084215,1,1,1,0,0,-2.91395649772185
"46",46,46,40905,46,46,"tsugca","coniferous",61.1614,6.50053706898802e-05,0,0,0,1,0,1,1,6.50053706898802e-05,"tsugca","coniferous",6.50053706898802e-05,0,0,0,0,0,0,0,0,0,0,0,1,0,1,1,6.50053706898802e-05,1,1,1,0,0,-4.18705076082448
"47",47,47,40923,47,47,"pinust","coniferous",71.7283,0.00279917879478802,0,0,1,0,0,1,1,0.00279917879478802,"pinust","coniferous",0.00279917879478802,0,0,0,0,0,0,0,0,0,0,1,0,0,1,1,0.00279917879478802,1,1,1,0,0,-2.55296936051566
"48",48,48,40946,48,48,"pinust","coniferous",71.58525,0.00321730250894008,0,0,0,1,0,1,1,0.00321730250894008,"pinust","coniferous",0.00321730250894008,0,0,0,0,0,0,0,0,0,0,0,1,0,1,1,0.00321730250894008,1,1,1,0,0,-2.49250810235984
"49",49,49,50135,49,49,"tsugca","coniferous",84.4853,0.000343632897318858,0,0,0,9,0,1,1,0.000343632897318858,"tsugca","coniferous",0.000343632897318858,0,0,3,0,0,0,0,0,0,0,0,6,0,1.88988157484231,1.22981912373371,0.000343632897318858,2,1,3,0.477121254719662,0,-3.46390526614421
"50",50,50,50189,50,50,"acerru","deciduous",92.7772,0.0153110562050738,0,0,0,1,0,1,1,0.0153110562050738,"acerru","deciduous",0.0153110562050738,0,0,1,0,0,0,0,0,0,0,0,0,0,1,1,0.0153110562050738,1,1,1,0,0,-1.81499484926167
"51",51,51,50269,51,51,"tsugca","coniferous",82.2109,0.000321037286868768,0,0,0,1,0,1,1,0.000321037286868768,"tsugca","coniferous",0.000321037286868768,0,0,1,0,0,0,0,0,0,0,0,0,0,1,1,0.000321037286868768,1,1,1,0,0,-3.49344452354241
"52",52,52,50409,52,52,"acerru","deciduous",86.595,0.045987136202249,0,0,0,36,0,1,1,0.045987136202249,"acerru","deciduous",0.045987136202249,0,0,6,0,0,0,0,0,0,0,0,30,0,1.5691925832142,1.15769665963744,0.045987136202249,2,1,6,0.778151250383644,0,-1.33736363478964
"53",53,53,50617,53,53,"tsugca","coniferous",80.629,0.000299367827957019,0,0,0,1,0,1,1,0.000299367827957019,"tsugca","coniferous",0.000299367827957019,0,0,0,0,0,0,0,0,0,0,0,1,0,1,1,0.000299367827957019,1,1,1,0,0,-3.52379487363719
"54",54,54,50666,54,54,"tsugca","coniferous",90.3085,0.000509218394221647,0,0,0,1,0,1,1,0.000509218394221647,"tsugca","coniferous",0.000509218394221647,0,0,0,0,0,0,0,0,0,0,0,1,0,1,1,0.000509218394221647,1,1,1,0,0,-3.2930959169495
"55",55,55,50706,55,55,"tsugca","coniferous",85.1514,0.000714821679812959,0,0,0,9,0,1,1,0.000714821679812959,"tsugca","coniferous",0.000714821679812959,0,0,0,0,0,0,0,0,0,0,0,9,0,1,1,0.000714821679812959,1,1,3,0.477121254719662,0,-3.14580228425767
"56",56,56,50755,56,56,"tsugca","coniferous",81.2391,0.00012623930774314,0,0,0,25,0,1,1,0.00012623930774314,"tsugca","coniferous",0.00012623930774314,0,0,10,0,0,0,0,0,0,0,0,15,0,1.96013170420779,1.24449371398726,0.00012623930774314,2,1,5,0.698970004336019,0,-3.89880539566316
"57",57,57,50791,57,57,"pinust","coniferous",81.7339,0.00210753503355054,0,0,0,1,0,1,1,0.00210753503355054,"pinust","coniferous",0.00210753503355054,0,0,0,0,0,0,0,0,0,0,0,1,0,1,1,0.00210753503355054,1,1,1,0,0,-2.67622519736693
"58",58,58,50856,58,58,"pinust","coniferous",85.2454,0.00469370193878652,0,0,0,4,0,1,1,0.00469370193878652,"pinust","coniferous",0.00469370193878652,0,0,2,0,0,0,0,0,0,0,0,2,0,2,1.25266443862413,0.00469370193878652,2,1,2,0.301029995663981,0,-2.32848449259219
"59",59,59,50921,59,59,"pinust","coniferous",96.5948,0.00376444560640385,0,0,2,2,0,2,1.14869835499704,0.00376444560640385,"pinust","coniferous",0.00376444560640385,0,0,2,0,0,0,0,0,0,0,2,0,0,2,1.25266443862413,0.00376444560640385,2,2,2,0.301029995663981,0.301029995663981,-2.42429897372834
"60",60,60,50988,60,60,"acerru","deciduous",96.8524,0.129343751728171,0,0,0,1,0,1,1,0.129343751728171,"acerru","deciduous",0.129343751728171,0,0,1,0,0,0,0,0,0,0,0,0,0,1,1,0.129343751728171,1,1,1,0,0,-0.888254546116507
"61",61,61,60087,61,61,"querru","deciduous",116.968,0.0507033098098705,3,0,0,6,0,1.88988157484231,1.13576091234023,0.0507033098098705,"querru","deciduous",0.0507033098098705,0,0,0,0,0,3,0,0,0,0,0,6,0,1.88988157484231,1.22981912373371,0.0507033098098705,2,2,3,0.477121254719662,0.301029995663981,-1.29496368987287
"62",62,62,60161,62,62,"querru","deciduous",119.005,-0.027233723156235,2,0,0,2,0,2,1.14869835499704,-0.027233723156235,"querru","deciduous",-0.027233723156235,0,0,0,0,0,2,0,0,0,0,0,2,0,2,1.25266443862413,-0.027233723156235,2,2,2,0.301029995663981,0.301029995663981,NA
"63",63,63,60183,63,63,"acerru","deciduous",119.602,0.030608154445526,0,0,0,25,0,1,1,0.030608154445526,"acerru","deciduous",0.030608154445526,0,0,5,0,0,0,0,0,0,0,0,20,0,1.64938488846612,1.17660219342176,0.030608154445526,2,1,5,0.698970004336019,0,-1.514162855907
"64",64,64,60224,64,64,"pinust","coniferous",100.89,3.60154806291677e-06,0,0,0,1,0,1,1,3.60154806291677e-06,"pinust","coniferous",3.60154806291677e-06,0,0,1,0,0,0,0,0,0,0,0,0,0,1,1,3.60154806291677e-06,1,1,1,0,0,-5.44351078515766
"65",65,65,60828,65,65,"tsugca","coniferous",102.893,0.00091792764778395,0,0,0,9,0,1,1,0.00091792764778395,"tsugca","coniferous",0.00091792764778395,0,0,0,0,0,0,0,0,0,0,0,9,0,1,1,0.00091792764778395,1,1,3,0.477121254719662,0,-3.03719154908908
"66",66,66,60880,66,66,"pinust","coniferous",109.588,0.00810667158967281,0,0,0,9,0,1,1,0.00810667158967281,"pinust","coniferous",0.00810667158967281,0,0,3,0,0,0,0,0,0,0,0,6,0,1.88988157484231,1.22981912373371,0.00810667158967281,2,1,3,0.477121254719662,0,-2.09115742038125
"67",67,67,60967,67,67,"pinust","coniferous",114.935,0.00735768495529618,0,0,0,2,2,2,1.14869835499704,0.00735768495529618,"pinust","coniferous",0.00735768495529618,0,0,0,0,2,0,0,0,0,0,0,2,0,2,1.25266443862413,0.00735768495529618,2,2,2,0.301029995663981,0.301029995663981,-2.13325881192561
"68",68,68,61080,68,68,"tsugca","coniferous",100.912,0.000516708889849386,0,0,0,1,0,1,1,0.000516708889849386,"tsugca","coniferous",0.000516708889849386,0,0,0,0,0,0,0,0,0,0,0,1,0,1,1,0.000516708889849386,1,1,1,0,0,-3.2867540664603
"69",69,69,70376,69,69,"acerru","deciduous",125.644,0.0407633525655764,0,0,0,9,0,1,1,0.0407633525655764,"acerru","deciduous",0.0407633525655764,0,0,0,0,0,0,0,0,0,0,0,9,0,1,1,0.0407633525655764,1,1,3,0.477121254719662,0,-1.3897301048213
"70",70,70,70379,70,70,"acerru","deciduous",128.183,0.00742855275615462,0,0,0,4,0,1,1,0.00742855275615462,"acerru","deciduous",0.00742855275615462,0,0,0,0,0,0,0,0,0,0,0,4,0,1,1,0.00742855275615462,1,1,2,0.301029995663981,0,-2.12909578802108
"71",71,71,70486,71,71,"acerru","deciduous",128.5,0.0387462528704052,0,0,0,1,0,1,1,0.0387462528704052,"acerru","deciduous",0.0387462528704052,0,0,0,0,0,0,0,0,0,0,0,1,0,1,1,0.0387462528704052,1,1,1,0,0,-1.41177029151622
"72",72,72,70494,72,72,"pinust","coniferous",125.008,0.000754500516259437,0,0,0,1,0,1,1,0.000754500516259437,"pinust","coniferous",0.000754500516259437,0,0,0,0,0,0,0,0,0,0,0,1,0,1,1,0.000754500516259437,1,1,1,0,0,-3.12234045872663
"73",73,73,70526,73,73,"pinust","coniferous",133.733,0.000295534156761324,0,0,0,4,0,1,1,0.000295534156761324,"pinust","coniferous",0.000295534156761324,0,0,0,0,0,0,0,0,0,0,0,4,0,1,1,0.000295534156761324,1,1,2,0.301029995663981,0,-3.52939231770762
"74",74,74,70534,74,74,"pinust","coniferous",134.03,0.000270506590213707,0,0,0,4,0,1,1,0.000270506590213707,"pinust","coniferous",0.000270506590213707,0,0,0,0,0,0,0,0,0,0,0,4,0,1,1,0.000270506590213707,1,1,2,0.301029995663981,0,-3.56782214993418
"75",75,75,70550,75,75,"tsugca","coniferous",138.173,0.000257025279602569,0,0,0,4,0,1,1,0.000257025279602569,"tsugca","coniferous",0.000257025279602569,0,0,0,0,0,0,0,0,0,0,0,4,0,1,1,0.000257025279602569,1,1,2,0.301029995663981,0,-3.59002415973495
"76",76,76,70644,76,76,"acerru","deciduous",136.47701,0.0253206743781243,0,0,0,9,0,1,1,0.0253206743781243,"acerru","deciduous",0.0253206743781243,0,0,3,0,0,0,0,0,0,0,0,6,0,1.88988157484231,1.22981912373371,0.0253206743781243,2,1,3,0.477121254719662,0,-1.59652473171954
"77",77,77,70672,77,77,"tsugca","coniferous",139.81799,0.000115742369288054,0,0,0,1,0,1,1,0.000115742369288054,"tsugca","coniferous",0.000115742369288054,0,0,0,0,0,0,0,0,0,0,0,1,0,1,1,0.000115742369288054,1,1,1,0,0,-3.93650763171676
"78",78,78,70677,78,78,"pinust","coniferous",137.58299,-0.000248499654152839,0,0,0,4,0,1,1,-0.000248499654152839,"pinust","coniferous",-0.000248499654152839,0,0,2,0,0,0,0,0,0,0,0,2,0,2,1.25266443862413,-0.000248499654152839,2,1,2,0.301029995663981,0,NA
"79",79,79,70762,79,79,"tsugca","coniferous",137.59599,0.000432715085113375,0,0,0,4,0,1,1,0.000432715085113375,"tsugca","coniferous",0.000432715085113375,0,0,2,0,0,0,0,0,0,0,0,2,0,2,1.25266443862413,0.000432715085113375,2,1,2,0.301029995663981,0,-3.36379796436379
"80",80,80,70947,80,80,"tsugca","coniferous",135.69701,0.000996368461248655,0,0,0,1,0,1,1,0.000996368461248655,"tsugca","coniferous",0.000996368461248655,0,0,1,0,0,0,0,0,0,0,0,0,0,1,1,0.000996368461248655,1,1,1,0,0,-3.00158002794651
"81",81,81,70981,81,81,"tsugca","coniferous",136.46899,0.000200525542494568,0,0,0,9,0,1,1,0.000200525542494568,"tsugca","coniferous",0.000200525542494568,0,0,6,0,0,0,0,0,0,0,0,3,0,1.88988157484231,1.22981912373371,0.000200525542494568,2,1,3,0.477121254719662,0,-3.69783030006167
"82",82,82,80465,82,82,"tsugca","coniferous",140.168,-5.10253681163995e-06,0,0,0,4,0,1,1,-5.10253681163995e-06,"tsugca","coniferous",-5.10253681163995e-06,0,0,0,0,0,0,0,0,0,0,0,4,0,1,1,-5.10253681163995e-06,1,1,2,0.301029995663981,0,NA
"83",83,83,80570,83,83,"tsugca","coniferous",153.207,3.16902983366263e-05,0,0,0,1,0,1,1,3.16902983366263e-05,"tsugca","coniferous",3.16902983366263e-05,0,0,0,0,0,0,0,0,0,0,0,1,0,1,1,3.16902983366263e-05,1,1,1,0,0,-4.49907367228522
"84",84,84,80571,84,84,"pinust","coniferous",150.87601,0.00445581189573682,0,0,0,1,0,1,1,0.00445581189573682,"pinust","coniferous",0.00445581189573682,0,0,0,0,0,0,0,0,0,0,0,1,0,1,1,0.00445581189573682,1,1,1,0,0,-2.35107315139982
"85",85,85,80572,85,85,"tsugca","coniferous",150.33299,0.000303878470608188,0,0,0,9,0,1,1,0.000303878470608188,"tsugca","coniferous",0.000303878470608188,0,0,3,0,0,0,0,0,0,0,0,6,0,1.88988157484231,1.22981912373371,0.000303878470608188,2,1,3,0.477121254719662,0,-3.5173000680256
"86",86,86,80580,86,86,"pinust","coniferous",156.593,0.00351757364073753,0,0,0,4,0,1,1,0.00351757364073753,"pinust","coniferous",0.00351757364073753,0,0,0,0,0,0,0,0,0,0,0,4,0,1,1,0.00351757364073753,1,1,2,0.301029995663981,0,-2.45375680180191
"87",87,87,80636,87,87,"acerru","deciduous",152.0224925,0.0136158402101111,0,0,0,1,0,1,1,0.0136158402101111,"acerru","deciduous",0.0136158402101111,0,0,0,0,0,0,0,0,0,0,0,1,0,1,1,0.0136158402101111,1,1,1,0,0,-1.86595555393063
"88",88,88,80663,88,88,"acerru","deciduous",143.073,0.0855606063365018,0,0,0,25,0,1,1,0.0855606063365018,"acerru","deciduous",0.0855606063365018,0,0,15,0,0,0,0,0,0,0,0,10,0,1.96013170420779,1.24449371398726,0.0855606063365018,2,1,5,0.698970004336019,0,-1.06772614640458
"89",89,89,80685,89,89,"pinust","coniferous",157.18201,0.0013868752744612,0,0,0,16,0,1,1,0.0013868752744612,"pinust","coniferous",0.0013868752744612,0,0,8,0,0,0,0,0,0,0,0,8,0,2,1.25266443862413,0.0013868752744612,2,1,4,0.602059991327962,0,-2.85796259447747
"90",90,90,80789,90,90,"tsugca","coniferous",144.401,8.5297678046172e-05,0,0,0,1,0,1,1,8.5297678046172e-05,"tsugca","coniferous",8.5297678046172e-05,0,0,0,0,0,0,0,0,0,0,0,1,0,1,1,8.5297678046172e-05,1,1,1,0,0,-4.06906279093635
"91",91,91,80802,91,91,"tsugca","coniferous",149.216,7.11103554132853e-05,3,0,0,6,0,1.88988157484231,1.13576091234023,7.11103554132853e-05,"tsugca","coniferous",7.11103554132853e-05,0,0,6,0,0,0,0,0,0,0,0,0,0,1,1,7.11103554132853e-05,1,2,2,0.301029995663981,0.301029995663981,-4.14806715072771
"92",92,92,80892,92,92,"pinust","coniferous",153.188,0.00308194454838901,0,0,0,1,0,1,1,0.00308194454838901,"pinust","coniferous",0.00308194454838901,0,0,1,0,0,0,0,0,0,0,0,0,0,1,1,0.00308194454838901,1,1,1,0,0,-2.51117517955183
"93",93,93,80936,93,93,"tsugca","coniferous",146.4165,0.000371822680784726,0,0,0,1,0,1,1,0.000371822680784726,"tsugca","coniferous",0.000371822680784726,0,0,0,0,0,0,0,0,0,0,0,1,0,1,1,0.000371822680784726,1,1,1,0,0,-3.42966412225852
"94",94,94,80953,94,94,"tsugca","coniferous",149.26801,0.000153100958377857,0,0,0,1,0,1,1,0.000153100958377857,"tsugca","coniferous",0.000153100958377857,0,0,0,0,0,0,0,0,0,0,0,1,0,1,1,0.000153100958377857,1,1,1,0,0,-3.81502209070662
"95",95,95,80990,95,95,"tsugca","coniferous",158.998,0.000673718579302717,0,0,0,4,0,1,1,0.000673718579302717,"tsugca","coniferous",0.000673718579302717,0,0,0,0,0,0,0,0,0,0,0,4,0,1,1,0.000673718579302717,1,1,2,0.301029995663981,0,-3.17152147583659
"96",96,96,90001,96,96,"acerru","deciduous",160.20399,0.026162385445339,0,0,0,9,0,1,1,0.026162385445339,"acerru","deciduous",0.026162385445339,0,0,0,0,0,0,0,0,0,0,0,9,0,1,1,0.026162385445339,1,1,3,0.477121254719662,0,-1.58232266025158
"97",97,97,90508,97,97,"pinust","coniferous",161.826,0.00539050197975658,3,0,0,6,0,1.88988157484231,1.13576091234023,0.00539050197975658,"pinust","coniferous",0.00539050197975658,0,0,0,0,0,0,0,0,0,0,0,6,0,1,1,0.00539050197975658,1,2,2,0.301029995663981,0.301029995663981,-2.26837079012175
"98",98,98,90517,98,98,"acerru","deciduous",168.101995,0.0486050709099167,0,0,0,16,0,1,1,0.0486050709099167,"acerru","deciduous",0.0486050709099167,0,0,4,0,0,0,0,0,0,0,0,12,0,1.75476535060332,1.20052495303832,0.0486050709099167,2,1,4,0.602059991327962,0,-1.31331841894118
"99",99,99,90536,99,99,"acerru","deciduous",175.257,0.023719238693367,0,0,0,2,2,2,1.14869835499704,0.023719238693367,"acerru","deciduous",0.023719238693367,0,0,0,0,2,0,0,0,0,0,0,2,0,2,1.25266443862413,0.023719238693367,2,2,2,0.301029995663981,0.301029995663981,-1.62489925445515
"100",100,100,90553,100,100,"pinust","coniferous",170.205,8.62312805211794e-05,0,0,0,16,0,1,1,8.62312805211794e-05,"pinust","coniferous",8.62312805211794e-05,0,0,8,0,0,0,0,0,0,0,0,8,0,2,1.25266443862413,8.62312805211794e-05,2,1,4,0.602059991327962,0,-4.06433516464559
"101",101,101,90623,101,101,"pinust","coniferous",160.54401,0.0037281177194282,0,0,0,1,0,1,1,0.0037281177194282,"pinust","coniferous",0.0037281177194282,0,0,0,0,0,0,0,0,0,0,0,1,0,1,1,0.0037281177194282,1,1,1,0,0,-2.42851038277436
"102",102,102,90631,102,102,"acerru","deciduous",168.226,0.0225439639311832,0,0,0,4,0,1,1,0.0225439639311832,"acerru","deciduous",0.0225439639311832,0,0,0,0,0,0,0,0,0,0,0,4,0,1,1,0.0225439639311832,1,1,2,0.301029995663981,0,-1.64696971907595
"103",103,103,90634,103,103,"tsugca","coniferous",168.174,0.000413491648009702,0,0,0,4,0,1,1,0.000413491648009702,"tsugca","coniferous",0.000413491648009702,0,0,2,0,0,0,0,0,0,0,0,2,0,2,1.25266443862413,0.000413491648009702,2,1,2,0.301029995663981,0,-3.38353325820317
"104",104,104,90638,104,104,"pinust","coniferous",163.399,0.00172103071967105,0,0,2,2,0,2,1.14869835499704,0.00172103071967105,"pinust","coniferous",0.00172103071967105,0,0,0,0,0,0,0,0,0,0,2,2,0,2,1.25266443862413,0.00172103071967105,2,2,2,0.301029995663981,0.301029995663981,-2.76421137763028
"105",105,105,90644,105,105,"tsugca","coniferous",162.187,-1.17934757426488e-05,0,0,0,1,0,1,1,-1.17934757426488e-05,"tsugca","coniferous",-1.17934757426488e-05,0,0,0,0,0,0,0,0,0,0,0,1,0,1,1,-1.17934757426488e-05,1,1,1,0,0,NA
"106",106,106,90738,106,106,"tsugca","coniferous",163.8,0.000433828592051232,0,0,0,1,0,1,1,0.000433828592051232,"tsugca","coniferous",0.000433828592051232,0,0,0,0,0,0,0,0,0,0,0,1,0,1,1,0.000433828592051232,1,1,1,0,0,-3.36268182862225
"107",107,107,90754,107,107,"tsugca","coniferous",169.175,0.000161678735244354,0,0,0,4,0,1,1,0.000161678735244354,"tsugca","coniferous",0.000161678735244354,0,0,0,0,0,0,0,0,0,0,0,4,0,1,1,0.000161678735244354,1,1,2,0.301029995663981,0,-3.79134709681182
"108",108,108,90795,108,108,"acerru","deciduous",161.80701,0.15446631104255,0,0,0,9,0,1,1,0.15446631104255,"acerru","deciduous",0.15446631104255,0,0,0,0,0,0,0,0,0,0,0,9,0,1,1,0.15446631104255,1,1,3,0.477121254719662,0,-0.811166225130418
"109",109,109,90842,109,109,"tsugca","coniferous",175.798,0.00039990838909186,0,0,0,1,0,1,1,0.00039990838909186,"tsugca","coniferous",0.00039990838909186,0,0,0,0,0,0,0,0,0,0,0,1,0,1,1,0.00039990838909186,1,1,1,0,0,-3.39803948534363
"110",110,110,90856,110,110,"tsugca","coniferous",165.004,0.000253739866650157,0,0,0,4,0,1,1,0.000253739866650157,"tsugca","coniferous",0.000253739866650157,0,0,0,0,0,0,0,0,0,0,0,4,0,1,1,0.000253739866650157,1,1,2,0.301029995663981,0,-3.59561129270748
"111",111,111,90872,111,111,"acerru","deciduous",168.90401,0.0224804259852371,0,0,0,4,0,1,1,0.0224804259852371,"acerru","deciduous",0.0224804259852371,0,0,2,0,0,0,0,0,0,0,0,2,0,2,1.25266443862413,0.0224804259852371,2,1,2,0.301029995663981,0,-1.64819546350845
"112",112,112,100602,112,112,"tsugca","coniferous",192.10699,0.000499980287767311,0,0,0,12,4,1.75476535060332,1.11903536050434,0.000499980287767311,"tsugca","coniferous",0.000499980287767311,0,0,4,0,4,0,0,0,0,0,0,8,0,2.82842712474619,1.40201326566139,0.000499980287767311,3,2,4,0.602059991327962,0.301029995663981,-3.30104711782927
"113",113,113,100789,113,113,"tsugca","coniferous",198.48599,0.00081388776041535,0,3,3,3,0,3,1.24573093961552,0.00081388776041535,"tsugca","coniferous",0.00081388776041535,3,0,0,0,0,0,3,0,0,0,0,3,0,3,1.42910588549112,0.00081388776041535,3,3,3,0.477121254719662,0.477121254719662,-3.08943548257175
"114",114,114,100854,114,114,"acerru","deciduous",195.319,0.0023620725773342,0,0,0,1,0,1,1,0.0023620725773342,"acerru","deciduous",0.0023620725773342,0,0,0,0,0,0,0,0,0,0,0,1,0,1,1,0.0023620725773342,1,1,1,0,0,-2.62670676233152
"115",115,115,100909,115,115,"pinust","coniferous",195.39101,0.00629553097162515,0,0,0,4,0,1,1,0.00629553097162515,"pinust","coniferous",0.00629553097162515,0,0,2,0,0,0,0,0,0,0,0,2,0,2,1.25266443862413,0.00629553097162515,2,1,2,0.301029995663981,0,-2.2009676351634
"116",116,116,100947,116,116,"tsugca","coniferous",189.276,0.00106577644026899,1,0,0,0,0,1,1,0.00106577644026899,"tsugca","coniferous",0.00106577644026899,0,0,0,1,0,0,0,0,0,0,0,0,0,1,1,0.00106577644026899,1,1,1,0,0,-2.9723338843712
"117",117,117,100965,117,117,"pinust","coniferous",191.05099,0.000494358713956402,0,0,0,4,0,1,1,0.000494358713956402,"pinust","coniferous",0.000494358713956402,0,0,0,0,0,0,0,0,0,0,0,4,0,1,1,0.000494358713956402,1,1,2,0.301029995663981,0,-3.30595780622347
"118",118,118,110114,118,118,"pinust","coniferous",206.97701,0.000731918557726297,0,0,0,9,0,1,1,0.000731918557726297,"pinust","coniferous",0.000731918557726297,0,0,3,0,0,0,0,0,0,0,0,6,0,1.88988157484231,1.22981912373371,0.000731918557726297,2,1,3,0.477121254719662,0,-3.13553724120641
"119",119,119,110795,119,119,"querru","deciduous",215.845495,0.0773309774231624,0,0,0,1,0,1,1,0.0773309774231624,"querru","deciduous",0.0773309774231624,0,0,1,0,0,0,0,0,0,0,0,0,0,1,1,0.0773309774231624,1,1,1,0,0,-1.11164650053185
"120",120,120,120120,120,120,"pinust","coniferous",239.444,0.00469457976671745,12,0,0,4,0,1.75476535060332,1.11903536050434,0.00469457976671745,"pinust","coniferous",0.00469457976671745,0,0,0,0,0,8,0,0,0,0,0,4,4,2.82842712474619,1.40201326566139,0.00469457976671745,3,2,4,0.602059991327962,0.301029995663981,-2.32840327734119
"121",121,121,120371,121,121,"querru","deciduous",230.622505,0.147956243557567,0,0,0,1,0,1,1,0.147956243557567,"querru","deciduous",0.147956243557567,0,0,0,0,0,0,0,0,0,0,0,1,0,1,1,0.147956243557567,1,1,1,0,0,-0.829866703464577
"122",122,122,120820,122,122,"querru","deciduous",236.834,0.0217652491261603,0,0,0,1,0,1,1,0.0217652491261603,"querru","deciduous",0.0217652491261603,0,0,0,0,0,0,0,0,0,0,0,1,0,1,1,0.0217652491261603,1,1,1,0,0,-1.66223635752117
"123",123,123,130309,123,123,"querru","deciduous",242.82401,0.186980219667962,0,0,0,4,0,1,1,0.186980219667962,"querru","deciduous",0.186980219667962,0,0,4,0,0,0,0,0,0,0,0,0,0,1,1,0.186980219667962,1,1,2,0.301029995663981,0,-0.728204334337433
"124",124,124,130386,124,124,"querru","deciduous",256.1173267,0.109521345425032,10,0,5,10,0,2.87174588749259,1.23489263811075,0.109521345425032,"querru","deciduous",0.109521345425032,0,0,0,0,0,0,5,0,5,0,0,10,0,2.82842712474619,1.40201326566139,0.109521345425032,3,3,4,0.602059991327962,0.477121254719662,-0.960501229710825
"125",125,125,130539,125,125,"acerru","deciduous",250.98801,0.00729237265166911,0,0,0,1,0,1,1,0.00729237265166911,"acerru","deciduous",0.00729237265166911,0,0,0,0,0,0,0,0,0,0,0,1,0,1,1,0.00729237265166911,1,1,1,0,0,-2.13713114632146
"126",126,126,130622,126,126,"querru","deciduous",255.7173333,0.00956043049932037,3,0,0,6,0,1.88988157484231,1.13576091234023,0.00956043049932037,"querru","deciduous",0.00956043049932037,0,0,0,0,0,3,0,0,0,0,0,6,0,1.88988157484231,1.22981912373371,0.00956043049932037,2,2,3,0.477121254719662,0.301029995663981,-2.01952255131492
"127",127,127,130710,127,127,"pinust","coniferous",249.76801,8.21440072598318e-05,2,0,0,2,0,2,1.14869835499704,8.21440072598318e-05,"pinust","coniferous",8.21440072598318e-05,0,0,0,0,0,0,0,0,0,0,0,2,2,2,1.25266443862413,8.21440072598318e-05,2,2,2,0.301029995663981,0.301029995663981,-4.085424114626
"128",128,128,140380,128,128,"acerru","deciduous",270.49301,0.00249994813910596,0,0,0,1,0,1,1,0.00249994813910596,"acerru","deciduous",0.00249994813910596,0,0,0,0,0,0,0,0,0,0,0,1,0,1,1,0.00249994813910596,1,1,1,0,0,-2.60206900058145
"129",129,129,140635,129,129,"querru","deciduous",261.289,0.00190536063934571,0,0,0,16,0,1,1,0.00190536063934571,"querru","deciduous",0.00190536063934571,0,0,4,0,0,0,0,0,0,0,0,12,0,1.75476535060332,1.20052495303832,0.00190536063934571,2,1,4,0.602059991327962,0,-2.72002281061603
"130",130,130,150221,130,130,"pinust","coniferous",286.72101,2.77127205311383e-05,3,0,0,6,0,1.88988157484231,1.13576091234023,2.77127205311383e-05,"pinust","coniferous",2.77127205311383e-05,0,0,3,0,0,3,0,0,0,0,0,3,0,3,1.42910588549112,2.77127205311383e-05,3,2,3,0.477121254719662,0.301029995663981,-4.55732083785308
"131",131,131,150231,131,131,"querru","deciduous",282.18701,0.0425788634668539,1,0,0,0,0,1,1,0.0425788634668539,"querru","deciduous",0.0425788634668539,0,0,0,0,0,1,0,0,0,0,0,0,0,1,1,0.0425788634668539,1,1,1,0,0,-1.37080593511614
"132",132,132,150406,132,132,"tsugca","coniferous",294.71799,0.000477738798049976,0,0,0,16,0,1,1,0.000477738798049976,"tsugca","coniferous",0.000477738798049976,0,0,0,0,0,0,0,0,0,0,0,16,0,1,1,0.000477738798049976,1,1,4,0.602059991327962,0,-3.32080948742757
"133",133,133,150799,133,133,"pinust","coniferous",283.13101,-0.000184042354626315,0,0,0,4,0,1,1,-0.000184042354626315,"pinust","coniferous",-0.000184042354626315,0,0,2,0,0,0,0,0,0,0,0,2,0,2,1.25266443862413,-0.000184042354626315,2,1,2,0.301029995663981,0,NA
"134",134,134,150800,134,134,"querru","deciduous",284.03201,-0.0185524681121194,0,0,0,1,0,1,1,-0.0185524681121194,"querru","deciduous",-0.0185524681121194,0,0,0,0,0,0,0,0,0,0,0,1,0,1,1,-0.0185524681121194,1,1,1,0,0,NA
"135",135,135,150844,135,135,"querru","deciduous",281.53699,0.0455317278822229,0,0,0,4,0,1,1,0.0455317278822229,"querru","deciduous",0.0455317278822229,0,0,0,0,0,0,0,0,0,0,0,4,0,1,1,0.0455317278822229,1,1,2,0.301029995663981,0,-1.34168586835037
"136",136,136,151080,136,136,"querru","deciduous",288.245,0.167682959821421,0,0,0,9,0,1,1,0.167682959821421,"querru","deciduous",0.167682959821421,0,0,0,0,0,0,0,0,0,0,0,9,0,1,1,0.167682959821421,1,1,3,0.477121254719662,0,-0.775511068768614
"137",137,137,151141,137,137,"querru","deciduous",280.841,0.00920318952575669,0,0,0,1,0,1,1,0.00920318952575669,"querru","deciduous",0.00920318952575669,0,0,0,0,0,0,0,0,0,0,0,1,0,1,1,0.00920318952575669,1,1,1,0,0,-2.03606163424392
"138",138,138,170652,138,138,"querru","deciduous",328.81299,0.0561244342600498,6,0,0,3,0,1.88988157484231,1.13576091234023,0.0561244342600498,"querru","deciduous",0.0561244342600498,0,0,0,0,0,0,0,3,0,0,0,3,0,2,1.25266443862413,0.0561244342600498,2,3,2,0.301029995663981,0.477121254719662,-1.25084802369868
"139",139,139,171399,139,139,"querru","deciduous",336.065,0.0308493613447543,0,0,0,9,0,1,1,0.0308493613447543,"querru","deciduous",0.0308493613447543,0,0,0,0,0,0,0,0,0,0,0,9,0,1,1,0.0308493613447543,1,1,3,0.477121254719662,0,-1.5107538224677
"140",140,140,171424,140,140,"querru","deciduous",326.30899,0.084643292749274,0,0,0,1,0,1,1,0.084643292749274,"querru","deciduous",0.084643292749274,0,0,0,0,0,0,0,0,0,0,0,1,0,1,1,0.084643292749274,1,1,1,0,0,-1.07240745028261
"141",141,141,171452,141,141,"querru","deciduous",324.6355,0.144982865232567,0,0,0,1,0,1,1,0.144982865232567,"querru","deciduous",0.144982865232567,0,0,1,0,0,0,0,0,0,0,0,0,0,1,1,0.144982865232567,1,1,1,0,0,-0.838683321728236
"142",142,142,180147,142,142,"querru","deciduous",358.517,0.00572491246739451,0,0,0,2,2,2,1.14869835499704,0.00572491246739451,"querru","deciduous",0.00572491246739451,0,2,0,0,0,0,0,0,0,0,0,2,0,2,1.25266443862413,0.00572491246739451,2,2,2,0.301029995663981,0.301029995663981,-2.24223114920086
"143",143,143,180190,143,143,"querru","deciduous",345.905,0.0216426773150286,2,0,0,2,0,2,1.14869835499704,0.0216426773150286,"querru","deciduous",0.0216426773150286,0,0,0,0,0,2,0,0,0,0,0,2,0,2,1.25266443862413,0.0216426773150286,2,2,2,0.301029995663981,0.301029995663981,-1.66468901569017
"144",144,144,180701,144,144,"querru","deciduous",348.76501,0.0637702898607606,0,0,0,1,0,1,1,0.0637702898607606,"querru","deciduous",0.0637702898607606,0,0,0,0,0,0,0,0,0,0,0,1,0,1,1,0.0637702898607606,1,1,1,0,0,-1.19538160897099
"145",145,145,180841,145,145,"querru","deciduous",348.43799,0.0698285323995815,6,0,0,30,0,1.5691925832142,1.09429710265965,0.0698285323995815,"querru","deciduous",0.0698285323995815,0,0,12,0,0,0,0,0,6,0,0,18,0,2.74945927399721,1.38916991600796,0.0698285323995815,3,2,6,0.778151250383644,0.301029995663981,-1.15596708551822
"146",146,146,190135,146,146,"querru","deciduous",361.78601,0.0663757080249993,0,0,0,16,0,1,1,0.0663757080249993,"querru","deciduous",0.0663757080249993,0,0,8,0,0,0,0,0,0,0,0,8,0,2,1.25266443862413,0.0663757080249993,2,1,4,0.602059991327962,0,-1.17799083329714
"147",147,147,190155,147,147,"querru","deciduous",363.828,0.0231221968809134,24,0,0,12,0,1.88988157484231,1.13576091234023,0.0231221968809134,"querru","deciduous",0.0231221968809134,0,0,0,0,0,12,0,6,0,0,0,12,6,3.77976314968462,1.54055068224111,0.0231221968809134,4,3,6,0.778151250383644,0.477121254719662,-1.63597090520256
"148",148,148,190218,148,148,"acerru","deciduous",367.418,0.0057028674658031,4,0,0,12,0,1.75476535060332,1.11903536050434,0.0057028674658031,"acerru","deciduous",0.0057028674658031,0,0,4,0,0,4,0,0,0,0,0,8,0,2.82842712474619,1.40201326566139,0.0057028674658031,3,2,4,0.602059991327962,0.301029995663981,-2.24390672126764
"149",149,149,190236,149,149,"querru","deciduous",369.76901,0.0237025136672896,0,0,0,4,0,1,1,0.0237025136672896,"querru","deciduous",0.0237025136672896,0,0,2,0,0,0,0,0,0,0,0,2,0,2,1.25266443862413,0.0237025136672896,2,1,2,0.301029995663981,0,-1.62520559432977
"150",150,150,190354,150,150,"querru","deciduous",365.03601,0.016544488430258,0,0,0,4,0,1,1,0.016544488430258,"querru","deciduous",0.016544488430258,0,0,0,0,0,0,0,0,0,0,0,4,0,1,1,0.016544488430258,1,1,2,0.301029995663981,0,-1.78134665705359
"151",151,151,190508,151,151,"querru","deciduous",379.85501,0.0285955160512454,0,0,0,25,0,1,1,0.0285955160512454,"querru","deciduous",0.0285955160512454,0,0,0,0,0,0,0,0,0,0,0,25,0,1,1,0.0285955160512454,1,1,5,0.698970004336019,0,-1.54370206151682
"152",152,152,190524,152,152,"querru","deciduous",363.758,0.423293292410223,0,0,0,1,0,1,1,0.423293292410223,"querru","deciduous",0.423293292410223,0,0,0,0,0,0,0,0,0,0,0,1,0,1,1,0.423293292410223,1,1,1,0,0,-0.37335861338828
"153",153,153,190586,153,153,"pinust","coniferous",367.56201,0.000470807747100632,0,0,0,16,0,1,1,0.000470807747100632,"pinust","coniferous",0.000470807747100632,0,0,0,0,0,0,0,0,0,0,0,16,0,1,1,0.000470807747100632,1,1,4,0.602059991327962,0,-3.32715639949179
"154",154,154,200112,154,154,"querru","deciduous",389.394,0.148456092267173,0,0,0,4,0,1,1,0.148456092267173,"querru","deciduous",0.148456092267173,0,0,4,0,0,0,0,0,0,0,0,0,0,1,1,0.148456092267173,1,1,2,0.301029995663981,0,-0.828401975341595
"155",155,155,200263,155,155,"querru","deciduous",397.41699,0.145146365353483,0,0,0,1,0,1,1,0.145146365353483,"querru","deciduous",0.145146365353483,0,0,0,0,0,0,0,0,0,0,0,1,0,1,1,0.145146365353483,1,1,1,0,0,-0.838193834973125
"156",156,156,200385,156,156,"acerru","deciduous",395.017,0.00510369174745999,0,0,0,1,0,1,1,0.00510369174745999,"acerru","deciduous",0.00510369174745999,0,0,0,0,0,0,0,0,0,0,0,1,0,1,1,0.00510369174745999,1,1,1,0,0,-2.29211556399298
"157",157,157,200565,157,157,"querru","deciduous",397.4635,0.0164889491550007,12,0,0,24,0,1.88988157484231,1.13576091234023,0.0164889491550007,"querru","deciduous",0.0164889491550007,0,0,0,0,0,12,0,0,0,0,0,24,0,1.88988157484231,1.22981912373371,0.0164889491550007,2,2,6,0.778151250383644,0.301029995663981,-1.78280702117335
"158",158,158,210025,158,158,"querru","deciduous",404.13599,0.0879089723100214,0,0,0,9,0,1,1,0.0879089723100214,"querru","deciduous",0.0879089723100214,0,0,3,0,0,0,0,0,0,0,0,6,0,1.88988157484231,1.22981912373371,0.0879089723100214,2,1,3,0.477121254719662,0,-1.05596679698682
"159",159,159,210070,159,159,"querru","deciduous",402.022,0.300200425492135,8,0,0,56,0,1.45756926498109,1.07826582419554,0.300200425492135,"querru","deciduous",0.300200425492135,0,0,16,0,0,0,0,0,0,0,0,40,8,2.4602329762891,1.33988423261834,0.300200425492135,3,2,8,0.903089986991944,0.301029995663981,-0.522588696540599
"160",160,160,210107,160,160,"querru","deciduous",416.79501,0.00991930897422999,0,0,0,4,0,1,1,0.00991930897422999,"querru","deciduous",0.00991930897422999,0,0,0,0,0,0,0,0,0,0,0,4,0,1,1,0.00991930897422999,1,1,2,0.301029995663981,0,-2.00351858179058
"161",161,161,220165,161,161,"querru","deciduous",430.315,0.00994103328648979,0,0,0,1,0,1,1,0.00994103328648979,"querru","deciduous",0.00994103328648979,0,0,0,0,0,0,0,0,0,0,0,1,0,1,1,0.00994103328648979,1,1,1,0,0,-2.00256847201134
"162",162,162,220306,162,162,"querru","deciduous",432.998,0.159061969339322,0,0,0,4,0,1,1,0.159061969339322,"querru","deciduous",0.159061969339322,0,0,0,0,0,0,0,0,0,0,0,4,0,1,1,0.159061969339322,1,1,2,0.301029995663981,0,-0.798433644868891
"163",163,163,220323,163,163,"querru","deciduous",427.9915,0.0149269750055289,0,0,0,4,0,1,1,0.0149269750055289,"querru","deciduous",0.0149269750055289,0,0,0,0,0,0,0,0,0,0,0,4,0,1,1,0.0149269750055289,1,1,2,0.301029995663981,0,-1.82602819438576
"164",164,164,230112,164,164,"querru","deciduous",446.29401,0.0419312916336766,0,0,0,1,0,1,1,0.0419312916336766,"querru","deciduous",0.0419312916336766,0,0,0,0,0,0,0,0,0,0,0,1,0,1,1,0.0419312916336766,1,1,1,0,0,-1.37746175956784
"165",165,165,230398,165,165,"querru","deciduous",450.95801,0.0586480229088885,6,12,0,18,0,2.74945927399721,1.22419177769644,0.0586480229088885,"querru","deciduous",0.0586480229088885,12,0,6,0,0,6,0,0,0,0,0,12,0,3.77976314968462,1.54055068224111,0.0586480229088885,4,3,6,0.778151250383644,0.477121254719662,-1.23174662385932
"166",166,166,230560,166,166,"querru","deciduous",447.625,0.213025196867096,9,45,0,27,0,2.55202792428089,1.2060826900573,0.213025196867096,"querru","deciduous",0.213025196867096,45,0,9,0,0,9,0,0,0,0,0,18,0,3.15522464708129,1.45272979172324,0.213025196867096,4,3,9,0.954242509439325,0.477121254719662,-0.671569024668547
"167",167,167,230563,167,167,"querru","deciduous",447.54901,0.128290234830996,0,2,0,2,0,2,1.14869835499704,0.128290234830996,"querru","deciduous",0.128290234830996,2,0,0,0,0,0,0,0,0,0,0,2,0,2,1.25266443862413,0.128290234830996,2,2,2,0.301029995663981,0.301029995663981,-0.891806399902666
"168",168,168,240404,168,168,"querru","deciduous",463.57199,0.146925128298446,0,21,0,28,0,1.97962633005252,1.14634843999475,0.146925128298446,"querru","deciduous",0.146925128298446,21,0,21,0,0,0,0,0,0,0,0,7,0,2.7298385631036,1.38594026881029,0.146925128298446,3,2,7,0.845098040014257,0.301029995663981,-0.832903921377335
"169",169,169,240712,169,169,"acerru","deciduous",471.36949,0.0194207137309071,0,0,0,16,0,1,1,0.0194207137309071,"acerru","deciduous",0.0194207137309071,0,0,4,0,0,0,0,0,0,0,0,12,0,1.75476535060332,1.20052495303832,0.0194207137309071,2,1,4,0.602059991327962,0,-1.71173481337247
"170",170,170,240745,170,170,"querru","deciduous",473.60001,0.0261704315453572,2,0,0,2,0,2,1.14869835499704,0.0261704315453572,"querru","deciduous",0.0261704315453572,0,0,0,0,0,0,0,0,0,0,0,2,0,1,1,0.0261704315453572,1,2,1,0,0.301029995663981,-1.58218911586902
"171",171,171,260632,171,171,"acerru","deciduous",511.3296633,0.0993599267666557,5,10,0,5,5,3.789291416276,1.3053037966395,0.0993599267666557,"acerru","deciduous",0.0993599267666557,10,0,0,0,5,0,0,0,0,0,0,5,0,2.82842712474619,1.40201326566139,0.0993599267666557,3,4,4,0.602059991327962,0.602059991327962,-1.00278873726461
"172",172,172,270084,172,172,"querru","deciduous",534.53998,0.404660843179394,0,0,0,8,8,2,1.14869835499704,0.404660843179394,"querru","deciduous",0.404660843179394,0,4,4,0,4,0,0,0,0,0,0,4,0,4,1.5691681957935,0.404660843179394,4,2,4,0.602059991327962,0.301029995663981,-0.392908817881378
"173",173,173,270416,173,173,"querru","deciduous",530.36603,0.264766468846018,4,4,0,8,0,2.82842712474619,1.23114441334492,0.264766468846018,"querru","deciduous",0.264766468846018,4,0,0,0,0,0,0,0,0,0,0,8,0,1.88988157484231,1.22981912373371,0.264766468846018,2,3,3,0.477121254719662,0.477121254719662,-0.577137016653898
"174",174,174,270492,174,174,"acerru","deciduous",522.426025,0.0178821386856423,2,0,0,2,0,2,1.14869835499704,0.0178821386856423,"acerru","deciduous",0.0178821386856423,0,0,0,0,0,2,0,0,0,0,0,2,0,2,1.25266443862413,0.0178821386856423,2,2,2,0.301029995663981,0.301029995663981,-1.74758054125443
"175",175,175,270638,175,175,"pinust","coniferous",530.685,-2.21716805618578e-05,3,3,0,3,0,3,1.24573093961552,-2.21716805618578e-05,"pinust","coniferous",-2.21716805618578e-05,3,0,0,0,0,3,0,0,0,0,0,3,0,3,1.42910588549112,-2.21716805618578e-05,3,3,3,0.477121254719662,0.477121254719662,NA
"176",176,176,280429,176,176,"querru","deciduous",548.93597,0.126773980730326,5,10,0,10,0,2.87174588749259,1.23489263811075,0.126773980730326,"querru","deciduous",0.126773980730326,10,0,10,0,0,0,0,0,0,0,0,0,5,2.87174588749259,1.40895607043047,0.126773980730326,3,3,5,0.698970004336019,0.477121254719662,-0.896969872517218
"177",177,177,280807,177,177,"acerru","deciduous",555.55298,0.00745759104143925,0,0,0,4,0,1,1,0.00745759104143925,"acerru","deciduous",0.00745759104143925,0,0,2,0,0,0,0,0,0,0,0,2,0,2,1.25266443862413,0.00745759104143925,2,1,2,0.301029995663981,0,-2.12740143611496
"178",178,178,280816,178,178,"querru","deciduous",555.58398,0.154597167031604,0,0,0,4,0,1,1,0.154597167031604,"querru","deciduous",0.154597167031604,0,0,4,0,0,0,0,0,0,0,0,0,0,1,1,0.154597167031604,1,1,2,0.301029995663981,0,-0.810798468721799
"179",179,179,290036,179,179,"querru","deciduous",561.83801,0.549296674023825,0,0,6,3,0,1.88988157484231,1.13576091234023,0.549296674023825,"querru","deciduous",0.549296674023825,0,0,3,0,0,0,0,0,0,0,6,0,0,1.88988157484231,1.22981912373371,0.549296674023825,2,2,3,0.477121254719662,0.301029995663981,-0.260193030611761
"180",180,180,290742,180,180,"tsugca","coniferous",566.31598,8.89910779822759e-05,0,0,0,1,0,1,1,8.89910779822759e-05,"tsugca","coniferous",8.89910779822759e-05,0,0,1,0,0,0,0,0,0,0,0,0,0,1,1,8.89910779822759e-05,1,1,1,0,0,-4.05065353242583
"181",181,181,291296,181,181,"acerru","deciduous",563.651,0.00035113019820121,2,0,0,2,0,2,1.14869835499704,0.00035113019820121,"acerru","deciduous",0.00035113019820121,0,0,0,0,0,0,0,0,0,0,0,2,2,2,1.25266443862413,0.00035113019820121,2,2,2,0.301029995663981,0.301029995663981,-3.45453181836099
"182",182,182,300674,182,182,"acerru","deciduous",581.90601,0.0715834574848622,0,0,0,1,0,1,1,0.0715834574848622,"acerru","deciduous",0.0715834574848622,0,0,1,0,0,0,0,0,0,0,0,0,0,1,1,0.0715834574848622,1,1,1,0,0,-1.14518732899249
"183",183,183,300898,183,183,"pinust","coniferous",583.52899,0.000169276412317169,0,0,0,1,0,1,1,0.000169276412317169,"pinust","coniferous",0.000169276412317169,0,0,1,0,0,0,0,0,0,0,0,0,0,1,1,0.000169276412317169,1,1,1,0,0,-3.77140355408352
"184",184,184,301129,184,184,"tsugca","coniferous",584.08698,3.25097727799163e-05,0,0,0,1,0,1,1,3.25097727799163e-05,"tsugca","coniferous",3.25097727799163e-05,0,0,1,0,0,0,0,0,0,0,0,0,0,1,1,3.25097727799163e-05,1,1,1,0,0,-4.48798606590139
"185",185,185,301148,185,185,"pinust","coniferous",586.81403,5.68063014407504e-06,0,0,0,4,0,1,1,5.68063014407504e-06,"pinust","coniferous",5.68063014407504e-06,0,0,0,0,0,0,0,0,0,0,0,4,0,1,1,5.68063014407504e-06,1,1,2,0.301029995663981,0,-5.24560348595883
"186",186,186,301161,186,186,"querru","deciduous",596.83197,0.0686446972850462,0,0,0,1,0,1,1,0.0686446972850462,"querru","deciduous",0.0686446972850462,0,0,1,0,0,0,0,0,0,0,0,0,0,1,1,0.0686446972850462,1,1,1,0,0,-1.16339300582403
"187",187,187,310238,187,187,"querru","deciduous",611.42902,0.075240467423213,2,0,0,2,0,2,1.14869835499704,0.075240467423213,"querru","deciduous",0.075240467423213,0,0,0,0,0,0,0,0,0,0,0,2,2,2,1.25266443862413,0.075240467423213,2,2,2,0.301029995663981,0.301029995663981,-1.12354851510609
"188",188,188,310623,188,188,"querru","deciduous",610.139495,0.220086246693953,3,0,3,3,0,3,1.24573093961552,0.220086246693953,"querru","deciduous",0.220086246693953,0,0,3,0,0,0,3,0,0,0,0,0,0,2,1.25266443862413,0.220086246693953,2,3,2,0.301029995663981,0.477121254719662,-0.657407095890758
"189",189,189,310700,189,189,"pinust","coniferous",608.48499,0.00365337801033334,3,0,0,6,0,1.88988157484231,1.13576091234023,0.00365337801033334,"pinust","coniferous",0.00365337801033334,0,0,0,0,0,0,0,0,0,0,0,6,3,1.88988157484231,1.22981912373371,0.00365337801033334,2,2,3,0.477121254719662,0.301029995663981,-2.4373053895706
"190",190,190,320485,190,190,"querru","deciduous",630.375,0.284440528312339,4,0,4,8,0,2.82842712474619,1.23114441334492,0.284440528312339,"querru","deciduous",0.284440528312339,0,0,4,0,0,4,4,0,0,0,0,4,0,4,1.5691681957935,0.284440528312339,4,3,4,0.602059991327962,0.477121254719662,-0.546008523383899
"191",191,191,321440,191,191,"acerru","deciduous",637.46899,0.0073237254081371,0,0,0,1,0,1,1,0.0073237254081371,"acerru","deciduous",0.0073237254081371,0,0,0,0,0,0,0,0,0,0,0,1,0,1,1,0.0073237254081371,1,1,1,0,0,-2.13526794727127
"192",192,192,330011,192,192,"querru","deciduous",641.66699,0.0597896666242204,0,0,0,36,0,1,1,0.0597896666242204,"querru","deciduous",0.0597896666242204,0,0,12,0,0,0,0,0,0,0,0,24,0,1.88988157484231,1.22981912373371,0.0597896666242204,2,1,6,0.778151250383644,0,-1.22337386811631
"193",193,193,330179,193,193,"querru","deciduous",649.71698,0.0410447348652128,4,0,0,12,0,1.75476535060332,1.11903536050434,0.0410447348652128,"querru","deciduous",0.0410447348652128,0,0,4,0,0,0,0,0,0,0,0,8,0,1.88988157484231,1.22981912373371,0.0410447348652128,2,2,3,0.477121254719662,0.301029995663981,-1.38674254538107
"194",194,194,330204,194,194,"querru","deciduous",643.44397,0.1395584293072,12,6,0,18,0,2.74945927399721,1.22419177769644,0.1395584293072,"querru","deciduous",0.1395584293072,6,0,6,0,0,0,0,0,0,0,0,12,12,3.77976314968462,1.54055068224111,0.1395584293072,4,3,6,0.778151250383644,0.477121254719662,-0.855243927064672
"195",195,195,330347,195,195,"querru","deciduous",653.11401,0.0391716779298896,10,0,0,15,0,1.96013170420779,1.14408173078762,0.0391716779298896,"querru","deciduous",0.0391716779298896,0,0,0,0,0,5,0,0,0,0,0,15,5,2.58640928985893,1.36184163247484,0.0391716779298896,3,2,5,0.698970004336019,0.301029995663981,-1.40702782492687
"196",196,196,330351,196,196,"querru","deciduous",655.00201,0.00753341123871315,0,0,0,4,0,1,1,0.00753341123871315,"querru","deciduous",0.00753341123871315,0,0,0,0,0,0,0,0,0,0,0,4,0,1,1,0.00753341123871315,1,1,2,0.301029995663981,0,-2.12300832437293
"197",197,197,330680,197,197,"acerru","deciduous",653.53101,0.0255178304041465,2,0,0,2,0,2,1.14869835499704,0.0255178304041465,"acerru","deciduous",0.0255178304041465,0,0,0,0,0,0,0,0,0,0,0,2,2,2,1.25266443862413,0.0255178304041465,2,2,2,0.301029995663981,0.301029995663981,-1.59315625328795
"198",198,198,330993,198,198,"querru","deciduous",641.71198,0.154344547533406,2,0,0,2,0,2,1.14869835499704,0.154344547533406,"querru","deciduous",0.154344547533406,0,0,2,0,0,2,0,0,0,0,0,0,0,2,1.25266443862413,0.154344547533406,2,2,2,0.301029995663981,0.301029995663981,-0.811508708054126
"199",199,199,331159,199,199,"tsugca","coniferous",640.36902,0.000372252510041691,0,0,0,1,0,1,1,0.000372252510041691,"tsugca","coniferous",0.000372252510041691,0,0,0,0,0,0,0,0,0,0,0,1,0,1,1,0.000372252510041691,1,1,1,0,0,-3.4291623651847
"200",200,200,331236,200,200,"querru","deciduous",650.422,0.142945132134461,0,0,0,1,0,1,1,0.142945132134461,"querru","deciduous",0.142945132134461,0,0,0,0,0,0,0,0,0,0,0,1,0,1,1,0.142945132134461,1,1,1,0,0,-0.84483062955495
"201",201,201,340244,201,201,"querru","deciduous",668.71399,0.0334566175275573,5,0,5,15,0,2.58640928985893,1.20931502931921,0.0334566175275573,"querru","deciduous",0.0334566175275573,0,0,0,0,0,0,5,0,0,0,0,15,5,2.58640928985893,1.36184163247484,0.0334566175275573,3,3,5,0.698970004336019,0.477121254719662,-1.47551796843555
"202",202,202,340309,202,202,"querru","deciduous",674.349,0.14068597699124,10,0,0,15,0,1.96013170420779,1.14408173078762,0.14068597699124,"querru","deciduous",0.14068597699124,0,0,10,0,0,0,0,0,0,0,0,5,10,2.87174588749259,1.40895607043047,0.14068597699124,3,2,5,0.698970004336019,0.301029995663981,-0.851749189124125
"203",203,203,340419,203,203,"querru","deciduous",671.10699,0.0291690487040002,3,0,0,6,0,1.88988157484231,1.13576091234023,0.0291690487040002,"querru","deciduous",0.0291690487040002,0,0,3,0,0,0,0,0,0,0,0,3,3,3,1.42910588549112,0.0291690487040002,3,2,3,0.477121254719662,0.301029995663981,-1.53507773437982
"204",204,204,340591,204,204,"querru","deciduous",663.30603,0.145314104858031,10,0,0,10,5,2.87174588749259,1.23489263811075,0.145314104858031,"querru","deciduous",0.145314104858031,0,5,0,0,0,0,0,0,0,0,0,10,5,2.82842712474619,1.40201326566139,0.145314104858031,3,4,4,0.602059991327962,0.602059991327962,-0.83769222902814
"205",205,205,350384,205,205,"querru","deciduous",699.44397,0.0921871557366363,2,0,0,2,0,2,1.14869835499704,0.0921871557366363,"querru","deciduous",0.0921871557366363,0,0,2,0,0,2,0,0,0,0,0,0,0,2,1.25266443862413,0.0921871557366363,2,2,2,0.301029995663981,0.301029995663981,-1.03532958416638
"206",206,206,350816,206,206,"acerru","deciduous",699.48102,0.00179878936831371,0,0,0,4,0,1,1,0.00179878936831371,"acerru","deciduous",0.00179878936831371,0,0,2,0,0,0,0,0,0,0,0,2,0,2,1.25266443862413,0.00179878936831371,2,1,2,0.301029995663981,0,-2.74501968797998
"207",207,207,350903,207,207,"querru","deciduous",693.87799,0.147600261635667,0,0,0,1,0,1,1,0.147600261635667,"querru","deciduous",0.147600261635667,0,0,0,0,0,0,0,0,0,0,0,1,0,1,1,0.147600261635667,1,1,1,0,0,-0.830912872683535
